uad_sigla;esc_codigo;esc_nome
BT;000191;EMEF - ALIPIO CORREA NETO, PROF.
BT;000477;EMEF - EDA TEREZINHA CHICA MEDEIROS, PROFA.
BT;011924;EMEF - MARIA ALICE BORGES GHION, PROFA.
BT;019160;EMEF - ILEUSA CAETANO DA SILVA, PROFA.
BT;019249;EMEF - DAISY AMADIO FUJIWARA, PROFA.
BT;019262;CEU EMEF - BUTANTA
BT;019416;EMEF - VILA MUNCK
BT;019417;EMEF - JARDIM PAULO VI
BT;019551;CEU EMEF - CESAR ARRUDA CASTANHO, DEP.
BT;092681;EMEF - JOSE DE ALCANTARA MACHADO FILHO
BT;092690;EMEF - AMORIM LIMA, DES.
BT;092703;EMEF - THEODOMIRO DIAS, DES.
BT;092711;EMEF - DEODORO DA FONSECA, MAL.
BT;092720;EMEF - ARTHUR WHITAKER, DES.
BT;092738;EMEF - TARSILA DO AMARAL
BT;092746;EMEF - ALIPIO ANDRADA SERPA, TTE.
BT;092754;EMEF - ALCIDES GONCALVES ETCHEGOYEN, GEN.
BT;092762;EMEF - JOAO XXIII
BT;092771;EMEF - SOLANO TRINDADE
BT;092789;EMEF - LUIZ EDUARDO MATARAZZO, CDE.
BT;092797;EMEF - JULIO MESQUITA
BT;092801;EMEF - IBRAHIM NOBRE
BT;092819;EMEF - BRASIL-JAPAO
BT;092827;EMEF - ALVARO SILVA BRAGA, GEN.
BT;092843;EMEF - ROBERTO MANGE, PROF.
BT;092851;EMEF - EUCLYDES DE OLIVEIRA FIGUEIREDO, GEN.
BT;093131;EMEF - MARIA ANTONIETA D`ALKIMIN BASTO, PROFA.
BT;093149;EMEF - OLAVO PEZZOTTI, PROF.
BT;093165;EMEF - JOSE DIAS DA SILVEIRA, DR.
BT;097047;EMEF - EDUCANDARIO DOM DUARTE, ANEXA AO
BT;099261;EMEF - TEOFILO BENEDITO OTTONI
BT;099287;EMEF - VIANNA MOOG
BT;099589;EMEF - PEDRO NAVA
BT;200158;CIEJA - ALUNA JESSICA NUNES HERCULANO
CL;000281;EMEF - VERA LUCIA FUSCO BORBA, PROFA.
CL;000311;EMEF - ANTONIO ALVES DA SILVA, SG.
CL;000566;EMEF - TERESA MARGARIDA DA SILVA E ORTA
CL;010146;EMEF - MARIA RITA LOPES PONTES - IRMA DULCE
CL;010154;EMEF - MAURO FACCIO GONCALVES - ZACARIA
CL;010162;EMEF - LORENCO MANOEL SPARAPAN, PROF.
CL;010421;EMEF - CYRO ALBUQUERQUE, DEP.
CL;012939;EMEF - JOSE OLYMPIO PEREIRA FILHO
CL;016713;EMEF - ANNA SILVEIRA PEDREIRA
CL;018830;EMEF - PAULO FREIRE, PROF.
CL;019222;EMEF - VEREMUNDO TOTH, DOM
CL;019247;EMEF - TEREZINHA MOTA DE FIGUEIREDO
CL;019251;EMEF - CASARAO
CL;019267;EMEF - MARIA RITA DE CASSIA PINHEIRO SIMOES BRAGA, PROFA.
CL;019275;EMEF - FRANCISCO REBOLO
CL;019283;EMEF - JOSE BLOTA JUNIOR, DEP.
CL;019303;CEU EMEF - CASA BLANCA
CL;019308;CEU EMEF - HERMES FERREIRA DE SOUZA
CL;019335;CEU EMEF - FEITICO DA VILA
CL;019348;EMEF - GIANFRANCESCO GUARNIERI
CL;019360;CEU EMEF - MARIO FITTIPALDI
CL;019361;CEU EMEF - CANTOS DO AMANHECER
CL;019362;CEU EMEF - VILA DO SOL
CL;019370;EMEF - JARDIM MITSUTANI I - PAULO PATARRA, JORNALISTA
CL;019372;EMEF - CHACARA SONHO AZUL
CL;019383;CEU EMEF - JOSE SARAMAGO
CL;019384;CEU EMEF - PARAISOPOLIS
CL;019421;EMEF - JOSE FRANCISCO CAVALCANTE, PROF
CL;019422;EMEF - M BOI MIRIM I
CL;019423;EMEF - M BOI MIRIM II
CL;019424;EMEF - MARLI FERRAZ TORRES BONFIM
CL;019428;EMEF - SOCRATES BRASILEIRO SAMPAIO DE SOUSA VIEIRA DE OLIVEIRA
CL;019430;EMEF - CAMPO LIMPO III
CL;019431;EMEF - MILLOR FERNANDES, JORNALISTA
CL;019434;EMEF - CAMPO LIMPO II
CL;019466;EMEF - PERIMETRAL
CL;019492;EMEF - EDIVALDO DOS SANTOS DANTAS, PROF.
CL;019500;EMEF - HERBERT DE SOUZA - BETINHO
CL;019526;EMEF - DONATO SUSUMU KIMURA
CL;019712;EMEF - MARIA BERENICE DOS SANTOS, PROFA.
CL;087319;EMEF - THEODOMIRO MONTEIRO DO AMARAL, PROF.
CL;092860;EMEF - MARIO MOURA E ALBUQUERQUE, BEL.
CL;092878;EMEF - CAROLINA RENNO RIBEIRO DE OLIVEIRA, PROFA.
CL;092886;EMEF - OLIVEIRA VIANA
CL;092894;EMEF - MARIO MARQUES DE OLIVEIRA, PROF.
CL;092908;EMEF - CLEMENTE PASTORE, PROF.
CL;092916;EMEF - ANTONIO ESTANISLAU DO AMARAL
CL;092924;EMEF - MARIO RANGEL, CEL.
CL;092932;EMEF - JORGE AMERICANO, PROF.
CL;092941;EMEF - EUCLIDES DA CUNHA
CL;092959;EMEF - IRACEMA MARQUES DA SILVEIRA, PROFA.
CL;092967;EMEF - LEVY DE AZEVEDO SODRE, PROF.
CL;092975;EMEF - OTONIEL MOTA
CL;092983;EMEF - PROCOPIO FERREIRA
CL;092991;EMEF - AIRTON ARANTES RIBEIRO, PROF.
CL;093009;EMEF - LUIZ TENORIO DE BRITO, CEL.
CL;093017;EMEF - ADHEMAR DE BARROS, PREF.
CL;093025;EMEF - PALIMERCIO DE REZENDE, CEL.
CL;093033;EMEF - MAURICIO SIMAO
CL;093041;EMEF - LEONARDO VILLAS BOAS
CL;093050;EMEF - SYNESIO ROCHA, MIN.
CL;093068;EMEF - ZULMIRA CAVALHEIRO FAUSTINO
CL;093076;EMEF - PAULO COLOMBO PEREIRA DE QUEIROZ, DES.
CL;093084;EMEF - DE GAULLE, GEN.
CL;093092;EMEF - FAGUNDES VARELLA
CL;099104;EMEF - DEZOITO DO FORTE
CL;099112;EMEF - PRACINHAS DA FEB
CL;099228;EMEF - JOAO PEDRO DE CARVALHO NETO, DR.
CL;099236;EMEF - MODESTO SCAGLIUSI
CL;099350;EMEF - 22 DE MARCO
CL;099686;EMEF - RICARDO VITIELLO, PROF.
CL;200131;CIEJA - CENTRO INT ED JOVENS E ADULTOS - CAMPO LIMPO
CS;012688;EMEF - ULYSSES DA SYLVEIRA GUIMARAES
CS;016501;EMEF - FLORESTAN FERNANDES, PROF.
CS;018546;EMEF - DAMIAO, FREI
CS;019194;EMEF - PEDRO GERALDO SCHUNCK
CS;019228;EMEF - JOSE PEGORARO, PE.
CS;019243;EMEF - MARINA MELANDER COUTINHO, PROFA
CS;019254;EMEF - AYRTON OLIVEIRA SAMPAIO, PROF.
CS;019263;CEU EMEF - CIDADE DUTRA
CS;019276;CEU EMEF - TRES LAGOS
CS;019291;EMEF - VARGEM GRANDE
CS;019305;EMEF - JOAO DA SILVA
CS;019313;CEU EMEF - MANOEL VIEIRA DE QUEIROZ FILHO
CS;019321;EMEF - LOURIVAL BRANDAO DOS SANTOS
CS;019336;CEU EMEF - VILA RUBI
CS;019406;EMEF - CONSTELACAO DO INDIO
CS;019436;EMEF - CARLOS FRANCISCO GASPAR
CS;019439;EMEF - ALDINA ANALIA AGOSTINHA TADDEO CONDE, PROFA
CS;019440;EMEF - GENY MARIA MUNIZ ALMEIDA KLEIN PUSSINELLI, PROFA.
CS;019474;EMEF - VARGEM GRANDE II
CS;019496;EMEF - PLINIO MARCOS
CS;019674;CEU EMEF - JARDIM ELIANA
CS;093297;EMEF - PLACIDO DE CASTRO
CS;093301;EMEF - HEITOR DE ANDRADE
CS;093319;EMEF - ALMEIDA JUNIOR, PROF.
CS;093327;EMEF - AFRANIO DE MELLO FRANCO, DR.
CS;093335;EMEF - JOAO DE DEUS CARDOSO DE MELLO
CS;093343;EMEF - OLEGARIO MARIANO
CS;093351;EMEF - MILTON FERREIRA DE ALBUQUERQUE, PROF.
CS;093360;EMEF - ELIZA RACHEL MACEDO DE SOUZA, PROFA.
CS;093378;EMEF - MANOEL DE ABREU, DR.
CS;093386;EMEF - JOAQUIM BENTO ALVES DE LIMA NETO
CS;093394;EMEF - TEODOMIRO TOLEDO PIZA, DES.
CS;093408;EMEF - PAULO SETUBAL
CS;093416;EMEF - JOSE AMADEI, ENG.
CS;093424;EMEF - MIGUEL VIEIRA FERREIRA, DR.
CS;099791;EMEF - PLINIO SALGADO
CS;200207;CIEJA - LELIA GONZALEZ
CS;019672;EMEF - JARDIM SIPRAMAR
CS;019673;EMEF - LIA MARIA DOS REIS DE JESUS SOUZA SILVA
FO;000299;EMEF - ROBERTO PATRICIO, PROF.
FO;019341;EMEF - JARDIM GUARANI - JOSE ALFREDO APOLINARIO, PROF.
FO;019349;EMEF - JARDIM DAMASCENO I
FO;019350;EMEF - JOSE HERMINIO RODRIGUES, CEL. PM
FO;019363;CEU EMEF - JARDIM PAULISTANO
FO;019394;EMEF - CAIRA ALAYDE ALVARENGA MEDEA, PROFA
FO;019395;EMEF - NEIR AUGUSTO LOPES, PROF
FO;019402;EMEF - ZILKA SALABERRY DE CARVALHO
FO;019405;EMEF - GILBERTO DUPAS, PROF
FO;019453;EMEBS - MARIO PEREIRA BICUDO, PROF.
FO;019458;EMEF - MARIA APARECIDA RODRIGUES CINTRA, PROFA.
FO;019462;EMEF - LILIAN MASO, PROFA
FO;019704;EMEF - PRIMO PASCOLI MELARE, PROF.
FO;091804;EMEF - PAULO NOGUEIRA FILHO
FO;094161;EMEF - NILO PECANHA, PRES.
FO;094170;EMEF - PLINIO AYROSA
FO;094188;EMEF - JOANINHA GRASSI FAGUNDES, PROFA.
FO;094196;EMEF - ERICO VERISSIMO
FO;094200;EMEF - MILTOM CAMPOS, SEN.
FO;094218;EMEF - ANDRE RODRIGUES DE ALCKMIN, PROF.
FO;094226;EMEF - RAUL FERNANDES, EMB.
FO;094234;EMEF - THEO DUTRA
FO;094242;EMEF - ANTONIO PRUDENTE, PROF.
FO;094251;EMEF - SEBASTIAO NOGUEIRA DE LIMA, DES.
FO;094269;EMEF - CASTRO ALVES
FO;094277;EMEF - JOAO AMOS COMENIUS
FO;094293;EMEF - OSVALDO QUIRINO SIMOES
FO;094307;EMEF - FREDERICO GUSTAVO DOS SANTOS, TTE. AVIADOR
FO;094315;EMEF - PEDRO AMERICO
FO;094323;EMEF - ELIAS DE SIQUEIRA CAVALCANTI, DR.
FO;094331;EMEF - HUMBERTO DANTAS
FO;094340;EMEF - AROLDO DE AZEVEDO, PROF.
FO;094358;EMEF - ANGELINA MAFFEI VITA, DA.
FO;094366;EMEF - GARCIA DAVILA, CTE.
FO;094374;CEU EMEF - TEOTONIO VILELA, SEN.
FO;094382;EMEF - CECILIA MORAES DE VASCONCELOS, PROFA.
FO;094692;EMEF - MARCILIO DIAS
FO;099783;EMEF - GERALDO SESSO JUNIOR
FO;200182;CIEJA - ROSE MARY FRASSON, PROFA.
G;008834;EMEF - IDEMIA DE GODOY, PROFA.
G;009148;EMEF - ALEXANDRE VANNUCHI LEME
G;009156;EMEF - LUIS CARLOS PRESTES, SEN.
G;010413;EMEF - QUIRINO CARNEIRO RENNO, PROF.
G;012157;EMEF - ELIAS SHAMMASS
G;013510;EMEF - OLINDA MENEZES SERRA VIDAL, PROFA.
G;013528;EMEF - ANNA LAMBERGA ZEGLIO, VER.
G;014699;EMEF - ANTONIO DAVILA, PROF.
G;015024;EMEF - CAIO SERGIO POMPEU DE TOLEDO, DEP.
G;016527;EMEF - CLAUDIA BARTOLOMAZI, PROFA.
G;017973;EMEF - MAILSON DELANE, PROF.
G;019208;EMEF - LUIZ ROBERTO MEGA, PROF.
G;019264;CEU EMEF - INACIO MONTEIRO
G;019265;CEU EMEF - JAMBEIRO
G;019333;CEU EMEF - AGUA AZUL
G;019369;CEU EMEF - LAJEADO
G;019437;EMEF - DIAS GOMES
G;019443;EMEF - MEIRE DE JESUS RIBEIRO,PROF.
G;019447;EMEF - JOEL FERNANDES DE SOUZA
G;019455;EMEF - CELIA REGINA ANDERY BRAGA, PROF
G;019456;EMEF - HELINA COUTINHO LOURENCO ALVES, PROFESSORA
G;019457;EMEF - MARIA APARECIDA MAGNANELLI FERNANDES, PROFA
G;019476;EMEF - MARIA APARECIDA DO NASCIMENTO, PROFA.
G;093513;EMEF - JOAO DE LIMA PAIVA, PROF.
G;093521;EMEF - VINTE E CINCO DE JANEIRO
G;093530;EMEF - JOANA ANGELICA DE JESUS, MADRE
G;093548;EMEF - SATURNINO PEREIRA
G;093637;EMEFM - OSWALDO ARANHA BANDEIRA DE MELLO
G;093645;EMEF - MAURICIO GOULART
G;093653;EMEF - VLADIMIR HERZOG
G;093785;EMEF - JOAO RIBEIRO DE BARROS
G;093815;EMEF - ALEXANDRE DE GUSMAO
G;097055;EMEF - JUSCELINO KUBITSCHEK DE OLIVEIRA, PRES.
G;097063;EMEF - ANTONIO PEREIRA IGNACIO
G;097705;EMEF - AURELIANO LEITE
G;097721;EMEF - JOSE AUGUSTO CESAR SALGADO, DR.
G;200093;CIEJA - ROSA KAZUE INAKAKE DE SOUZA, PROFA
IP;009971;EMEF - LUIZ GONZAGA DO NASCIMENTO JR. - GONZAGUINHA
IP;011533;EMEF - FRANCISCO DA SILVEIRA BUENO, PROF.
IP;017981;EMEF - PERICLES EUGENIO DA SILVA RAMOS
IP;019266;CEU EMEF - MENINOS
IP;019385;CEU EMEF - MARA CRISTINA TARTAGLIA SENA, PROFA.
IP;019427;EMEF - HERCILIA DE CAMPOS COSTA
IP;019480;EMEF - ABRAO HUCK, DR.
IP;019569;EMEF - ROBERTO PLINIO COLACIOPPO, PROF.
IP;091812;EMEBS - HELEN KELLER
IP;094617;EMEF - FARIA LIMA, BRIG.
IP;094625;EMEF - CAXIAS, DUQUE DE
IP;094633;EMEF - CELSO LEITE RIBEIRO FILHO
IP;094960;EMEF - JOSE MARIA LISBOA
IP;094978;EMEF - EURICO GASPAR DUTRA, MAL.
IP;094986;EMEF - SYLVIA MARTIN PIRES, PROFA.
IP;094994;EMEF - OLAVO FONTOURA
IP;095001;EMEF - JOAQUIM NABUCO
IP;095010;EMEF - CASSIANO RICARDO
IP;095028;EMEF - JOSE DO PATROCINIO
IP;095036;EMEF - LEAO MACHADO, PROF.
IP;095044;CEU EMEF - CAMPOS SALLES, PRES.
IP;095052;EMEF - ANTONIO DE ALCANTARA MACHADO
IP;095061;EMEF - FRANCISCO MEIRELLES, DES.
IP;095290;EMEF - JOAO CARLOS DA SILVA BORGES, PROF.
IP;095303;EMEF - MANOEL DE PAIVA, PE
IP;095311;EMEF - JEAN MERMOZ
IP;095320;EMEF - IRINEU MARINHO
IP;095338;EMEF - RUTH LOPES ANDRADE, PROFA.
IP;095346;EMEF - QUEIROZ FILHO, PROF.
IP;095354;EMEF - OSORIO, GEN.
IP;095371;EMEF - CLEOMENES CAMPOS
IP;095389;EMEF - AUREA RIBEIRO XAVIER LOPES, PROFA.
IP;095397;EMEF - MARLENE RONDELLI, PROFA.
IP;095401;EMEF - PRUDENTE DE MORAIS, PRES.
IP;095419;EMEF - MASCARENHAS DE MORAES, MAL.
IP;095427;EMEF - ALVARES DE AZEVEDO
IP;095435;EMEF - ALTINO ARANTES
IP;200085;CIEJA - PAULO EMILIO VANZOLINI,CIEJA
IP;200166;CIEJA - CLOVIS CAITANO MIQUELAZZO - IPIRANGA
IQ;008842;EMEF - SEBASTIAO FRANCISCO, O NEGRO
IQ;010103;EMEF - FRANCISCO ALVES MENDES FILHO - CHICO MENDES
IQ;015130;EMEF - JULIO CESAR DE MELO E SOUSA-MALBA TAHAN, PROF
IQ;017523;EMEF - CLOTILDE ROSA HENRIQUES ELIAS, PROFA.
IQ;019143;EMEF - JOSE QUERINO RIBEIRO
IQ;019227;CEU EMEF - CONCEICAO APARECIDA DE JESUS, PROFA
IQ;019261;CEU EMEF - PAULO GOMES CARDIM, PROF. DR.
IQ;019386;CEU EMEF - MARIA APARECIDA DE SOUZA CAMPOS, PROFA
IQ;019397;EMEF - GILMAR TACCOLA , PROF
IQ;019398;EMEF - AGUAS DE MARCO
IQ;019691;EMEF - MARIO COVAS, GOV.
IQ;093432;EMEF - CORREIA DE MELLO, BRIG.
IQ;093441;EMEF - CARLOS CHAGAS
IQ;093459;EMEF - EDUARDO PRADO
IQ;093467;EMEF - DANYLO JOSE FERNANDES
IQ;093475;EMEF - AYRES MARTINS TORRES
IQ;093483;EMEF - HAROLDO VELOSO, BRIG.
IQ;093491;EMEF - ARTUR NEIVA
IQ;093505;EMEF - BENEDITO CALIXTO
IQ;093629;EMEF - AURELIO ARROBAS MARTINS, PROF.
IQ;093718;EMEF - ANTONIO DUARTE DE ALMEIDA, PROF.
IQ;094064;EMEF - 8 DE MAIO
IQ;095117;EMEF - KENNEDY, PRES.
IQ;095125;EMEF - BARTOLOMEU LOURENCO DE GUSMAO
IQ;095133;EMEF - JOAO NAOKI SUMITA, DR.
IQ;095141;EMEF - VICENTINA RIBEIRO DA LUZ
IQ;095150;EMEF - ROQUETTE PINTO
IQ;095184;EMEF - SERGIO MILLIET
IQ;095192;EMEF - GUIMARAES ROSA
IQ;099678;EMEF - MALLET, MAL.
IQ;200077;CIEJA - CENTRO INT ED JOVENS E ADULTOS - ITAQUERA
JT;000302;EMEF - HELIO FRANCO CHAVES, CEL.
JT;000337;EMEBS - LUCIE BRAY, ME
JT;017442;EMEFM - ANTONIO SAMPAIO, VER.
JT;019046;EMEF - CELIA REGINA LEKEVICIUS CONSOLIN, PROFA.
JT;019337;CEU EMEF - JACANA
JT;019401;EMEF - JARDIM FONTALIS
JT;019488;EMEF - PAULO CARNEIRO THOMAZ ALVES, GAL.
JT;019631;EMEF - NILCE CRUZ FIGUEIREDO, PROFA.
JT;094285;EMEF - RAUL DE LEONI
JT;094668;EMEFM - DERVILLE ALLEGRETTI, PROF.
JT;094676;EMEF - ADOLPHO OTTO DE LAET, PROF.
JT;094684;EMEF - MARCOS MELEGA
JT;094706;EMEF - GASTAO MOUTINHO, CTE.
JT;094714;EMEF - NOE AZEVEDO, PROF
JT;094722;EMEF - JOAO RAMOS - PERNAMBUCO - ABOLICIONISTA
JT;094731;EMEF - ESMERALDA SALLES PEREIRA RAMOS, PROFA.
JT;094749;EMEF - MARTIN FRANCISCO RIBEIRO DE ANDRADA
JT;094757;EMEF - RONDON, MAL.
JT;094765;EMEF - MAXIMO DE MOURA SANTOS, PROF.
JT;094773;EMEF - OLIVA IRENE BAYERLEIN SILVA
JT;094781;EMEF - RUY BARBOSA
JT;094790;EMEF - HELENA LOMBARDI BRAGA, PROFA.
JT;094803;EMEF - ARY GOMES, CEL.
JT;094811;EMEF - ROMAO GOMES, CEL.
JT;094820;EMEF - JOAO DOMINGUES SAMPAIO
JT;094838;EMEF - PEDRO I, D.
JT;094846;EMEF - TAMANDARE, ALM.
JT;094854;EMEF - ENEAS CARVALHO DE AGUIAR
JT;094862;EMEF - ALBERTO SANTOS DUMONT
JT;094871;EMEF - JULIO MARCONDES SALGADO, GEN.
JT;094889;EMEF - ANTONIO SANT ANA GALVAO, FREI
JT;094897;EMEF - OCTAVIO PEREIRA LOPES
JT;094901;EMEF - EDSON RODRIGUES
JT;094919;EMEF - LOURENCO FILHO
JT;094927;EMEF - MARIA HELENA FARIA LIMA, PROFA.
JT;094935;EMEF - FRANKLIN AUGUSTO DE MOURA CAMPOS, PROF
JT;094943;EMEF - RODRIGUES ALVES
JT;094951;EMEF - SHIRLEY GUIO, PROFA.
JT;099091;EMEF - HIPOLITO JOSE DA COSTA
JT;200069;CIEJA - CENTRO INT ED JOVENS E ADULTOS - VILA MARIA/VILA GUILHERME
JT;200174;CIEJA - CENTRO INT ED JOVENS E ADULTOS - SANTANA/TUCURUVI
MP;000108;EMEF - JOSE ERMIRIO DE MORAIS, SEN.
MP;010049;EMEF - CHICO FALCONI, PE.
MP;010405;EMEF - NILDO DO AMARAL JUNIOR, PE.
MP;014583;EMEF - FLAVIO AUGUSTO ROSA, PROF.
MP;015440;EMEF - EUZEBIO ROCHA FILHO
MP;016993;EMEF - VICENTE AMATO SOBRINHO, COM.
MP;018210;EMEFM - DARCY RIBEIRO
MP;019011;EMEF - LINO DE MATTOS, SEN.
MP;019225;EMEF - WANDA OVIDIO GONCALVES, PROFA.
MP;019226;CEU EMEF - MARIA CLARA MACHADO
MP;019241;EMEF - HELLIO TAVARES, DR.
MP;019269;CEU EMEF - PARQUE SAO CARLOS
MP;019278;CEU EMEF - VILA CURUCA
MP;019367;CEU EMEF - TRES PONTES
MP;019400;EMEF - DAMA ENTRE RIOS VERDES
MP;019404;EMEF - NEUZA AVELINO DA SILVA MELO
MP;019409;EMEF - IZABEL APARECIDA CRISTOVAO DA LUZ, PROFA
MP;019410;EMEF - MURURES
MP;019426;EMEF - MARISA MORETTI CAMARA, PROFA.
MP;019433;EMEF - JOSEFA NICACIO ARAUJO, PROFA.
MP;019449;EMEF - JURANDI GOMES DE ARAUJO, PROF.
MP;019503;EMEF - JARDIM BARTIRA
MP;019505;EMEF - JOSE MARIO PIRES AZANHA, PROF.
MP;019506;EMEF - MILTON PEREIRA COSTA
MP;019507;EMEF - PEDRO FUKUYEI YAMAGUCHI FERREIRA
MP;019529;EMEF - JARDIM SILVA TELES
MP;093688;EMEF - PEDRO ALEIXO, DR.
MP;093696;EMEF - EPITACIO PESSOA, PRES.
MP;093700;EMEF - RAUL PILLA
MP;093726;EMEF - PEDRO TEIXEIRA
MP;093734;EMEF - ANTONIO CARLOS DE ANDRADA E SILVA
MP;093742;EMEF - LUIS SAIA, ARQ.
MP;093751;EMEF - PAULO ROLIM LOUREIRO, D.
MP;093769;EMEF - PEDRO DE FRONTIN, ALM.
MP;093777;EMEF - FERNANDO DE AZEVEDO, PROF.
MP;093793;EMEF - JOSE DE ANCHIETA, PE.
MP;093807;EMEF - JOAO AUGUSTO BREVES, DR.
MP;093823;EMEF - HENRIQUE FELIPE DA COSTA - HENRICAO
MP;093831;EMEF - ANTONIA E ARTUR BEGBIE
MP;093840;EMEF - NEWTON REIS, GEN.
MP;093858;EMEF - MARIA IMILDA DO SANTISSIMO SACRAMENTO, ME.
MP;093866;EMEF - RAIMUNDO CORREIA
MP;093874;EMEF - JOSE AMERICO DE ALMEIDA
MP;093882;EMEF - JOSE BENTO DE ASSIS, PROF.
MP;093891;EMEF - ARMANDO CRIDEY RIGHETTI
MP;093904;EMEF - CAPISTRANO DE ABREU
MP;093912;EMEF - CARLOS PASQUALE, PROF.
MP;093921;EMEF - EZEQUIEL RAMOS JUNIOR
MP;093939;EMEF - SUD MENNUCCI
MP;097713;EMEF - JOSE PEDRO LEITE CORDEIRO, DR.
MP;099139;EMEF - VIRGILIO DE MELLO FRANCO
MP;099651;EMEF - JOSE HONORIO RODRIGUES
PE;000329;EMEBS - NEUSA BASSETTO, PROFA.
PE;000485;EMEF - ASSAD ABDALA
PE;011851;EMEF - ANALIA FRANCO BASTOS
PE;015121;EMEF - JOSE CARLOS DE FIGUEIREDO FERRAZ, PREF.
PE;015296;EMEF - JOAO FRANZOLIN NETO, PROF.
PE;019365;CEU EMEF - ROSANGELA RODRIGUES VIEIRA, PROFA.
PE;019388;CEU EMEF - ANTONIO CARLOS ROCHA, PROF.
PE;019396;EMEF - SERAFIN MARTINEZ GUTIERREZ, PE.
PE;019399;EMEF - JANUARIO MANTELLI NETO, DEP.
PE;019418;EMEF - ALEX MARTINS COSTA, PROF, MAESTRO
PE;093661;EMEF - OCTAVIO MANGABEIRA
PE;093670;EMEF - AMADEU AMARAL
PE;093947;EMEF - OTHELO FRANCO, GEN.
PE;093955;EMEF - JACKSON DE FIGUEIREDO
PE;093963;EMEF - JOAO PINHEIRO, PRES.
PE;093971;EMEF - 19 DE NOVEMBRO
PE;093980;EMEF - FIRMINO TIBURCIO DA COSTA
PE;093998;EMEF - ABRAO DE MORAES, PROF.
PE;094005;EMEF - HUMBERTO DE CAMPOS
PE;094013;EMEF - JOSE BONIFACIO
PE;094021;EMEF - CAIRU, VISC. DE
PE;094030;EMEF - ARTHUR ALVIM
PE;094048;EMEF - ANTONIO VIEIRA, PE.
PE;094056;EMEF - JENNY GOMES, DA.
PE;094072;EMEF - WANNY SALGADO ROCHA, PROFA
PE;094081;EMEF - HENRIQUE PEGADO, PROF.
PE;094099;EMEF - JUAREZ TAVORA, MAL.
PE;094102;EMEF - FRANCISCO DE MONT` ALVERNE, FREI
PE;094111;EMEF - LUIS WASHINGTON VITA
PE;094129;EMEF - GUILHERME DE ALMEIDA
PE;094137;EMEF - CECILIA MEIRELES
PE;094145;EMEF - EDGARD CAVALHEIRO
PE;094153;EMEF - ARTHUR AZEVEDO
PE;094641;EMEF - HENRIQUE, INFANTE D.
PE;095079;EMEF - FABIO DA SILVA PRADO, DR.
PE;095087;EMEF - SILVIO FLEMING, MJ.
PE;095095;EMEF - EMILIANO DI CAVALCANTI
PE;095109;EMEF - LEONOR MENDES DE BARROS
PE;095362;EMEF - MAUA, BR. DE
PE;200042;CIEJA - CENTRO INT ED JOVENS E ADULTOS - ERMELINO MATARAZZO
PJ;000205;EMEBS - VERA LUCIA APARECIDA RIBEIRO, PROFA.
PJ;000540;EMEF - RAUL POMPEIA
PJ;009326;EMEF - IRENE GARCIA COSTA DE SOUZA, PROFA. DRA.
PJ;010171;EMEF - ALDO RIBEIRO LUZ, PROF.
PJ;014249;EMEF - ERNESTO DE MORAES LEME, PROF.
PJ;015431;EMEF - ERNANI SILVA BRUNO
PJ;016497;EMEF - FERNANDO GRACIOSO
PJ;017272;EMEFM - GUIOMAR CABRAL
PJ;019020;EMEF - JAIRO DE ALMEIDA, PROF.
PJ;019195;EMEF - JOSE KAUFFMANN , DR.
PJ;019215;EMEF - REMO RINALDI NADDEO, PROF.
PJ;019217;EMEF - RECANTO DOS HUMILDES
PJ;019218;EMEF - JARDIM MONTE BELO
PJ;019219;EMEF - ENZO ANTONIO SILVESTRIN, PROF
PJ;019220;EMEF - MARIO LAGO
PJ;019224;EMEF - MILENA BENEDICTO, PROFA
PJ;019229;EMEF - JOSUE DE CASTRO, PROF
PJ;019233;EMEF - EDGARD CARONE
PJ;019271;CEU EMEF - PERA MARMELO
PJ;019272;CEU EMEF - PERUS
PJ;019277;CEU EMEF - VILA ATLANTICA
PJ;019314;EMEF - PHILO GONCALVES DOS SANTOS, PROFA
PJ;019322;EMEF - CITY JARAGUA IV
PJ;019347;EMEF - JARDIM DA CONQUISTA
PJ;019351;EMEF - MARILI DIAS, PROFA
PJ;019389;CEU EMEF - PARQUE ANHANGUERA
PJ;019390;CEU EMEF - JAGUARE
PJ;019412;EMEF - BADRA
PJ;019413;EMEF - ELIANE BENUTE LESSA AYRES GONCALVES, PROFESSORA- NANY BENUTE
PJ;019414;EMEF - MOISES ELIAS DE SOUZA, TTE.
PJ;019415;EMEF - ALICE MEIRELLES REIS, PROFA
PJ;019445;EMEF - ROGE FERREIRA, DEP.
PJ;019463;EMEF - ESTACAO JARAGUA
PJ;019487;EMEF - CHACARA TURISTICA
PJ;019607;EMEF - ANTONIO RODRIGUES DE CAMPOS, PROF.
PJ;092835;EMEF - ESPIRIDIAO ROSAS, MAL.
PJ;093106;EMEF - DILERMANDO DIAS DOS SANTOS
PJ;093114;EMEF - ANIBAL FREIRE, MIN.
PJ;093122;EMEF - JOSE MARIA PINTO DUARTE, TTE.
PJ;094391;EMEF - MARIO KOSEL FILHO
PJ;094404;EMEF - MONTEIRO LOBATO
PJ;094412;EMEF - GABRIEL PRESTES, PROF.
PJ;094421;EMEF - LIBERATO BITTENCOURT, GEN.
PJ;094439;EMEF - LEOPOLDINA, IMP.
PJ;094447;EMEF - RENATO ANTONIO CHECCHIA, PROF.
PJ;094455;EMEF - VICENTE DE PAULO DALE COUTINHO, GEN.
PJ;094463;EMEF - LEONEL FRANCA, PE.
PJ;094471;EMEF - LUIZ DAVID SOBRINHO, PROF.
PJ;094480;EMEF - JULIO DE OLIVEIRA
PJ;094498;EMEF - CANDIDO PORTINARI
PJ;094501;EMEF - PAULO PRADO
PJ;094510;EMEF - HENRIQUE RAYMUNDO DYOTT FONTENELLE, BRIG.
PJ;094528;EMEF - HENRIQUE GEISEL, GEN.
PJ;094536;EMEF - JAIRO RAMOS
PJ;094544;EMEF - RUI BLOEM
PJ;094552;EMEF - AMADEU MENDES, PROF.
PJ;094561;EMEF - EUCLIDES CUSTODIO DA SILVEIRA, DES.
PJ;094579;EMEF - JOSE FERRAZ DE CAMPOS, PROF.
PJ;094587;EMEF - GABRIEL SYLVESTRE TEIXEIRA DE CARVALHO, PROF.
PJ;094595;EMEF - SILVIO PORTUGAL, DES.
PJ;094609;EMEFM - ANTONIO ALVES VERISSIMO
PJ;200044;CIEJA - PERUS I
SA;000264;EMEF - SYLVIO HECK, ALM.
SA;000418;EMEF - JOAO DE SOUZA FERRAZ, PROF.
SA;010111;EMEF - MARIO SCHONBERG, PROF.
SA;010120;EMEF - CARLOS AUGUSTO DE QUEIROZ ROCHA
SA;010138;EMEF - ELZA MAIA COSTA FREIRE, PROFA.
SA;015423;EMEF - PRESTES MAIA
SA;019196;EMEF - LILIANE VERZINI SILVA, PROFA
SA;019257;EMEF - ALDO DA TOFORI, PE
SA;019260;CEU EMEF - PAULO GONCALO DOS SANTOS, PROF.
SA;019373;CEU EMEF - JOSE REZENDE, PROF.
SA;019419;EMEF - ANA MARIA ALVES BENETTI, PROFA
SA;019420;EMEF - MARIA LUCIA DOS SANTOS, PROFA.
SA;019465;EMEF - AMELIA RODRIGUES DE OLIVEIRA, PROFA
SA;093157;EMEF - CHIQUINHA RODRIGUES
SA;093173;EMEF - JOAQUIM CANDIDO DE AZEVEDO MARQUES, DES.
SA;093181;EMEFM - LINNEU PRESTES, PROF.
SA;093190;EMEF - CARLOS DE ANDRADE RIZZINI
SA;093203;EMEF - LAERTE RAMOS DE CARVALHO, PROF.
SA;093211;EMEF - JOAO GUALBERTO DO AMARAL CARVALHO
SA;093220;EMEF - ANTONIO CARLOS DE ABREU SODRE, DR.
SA;093238;EMEF - ANTENOR NASCENTES
SA;093246;EMEF - MANOEL CARLOS DE FIGUEIREDO FERRAZ, DES.
SA;093254;EMEF - JOAO SUSSUMU HIRATA, DEP.
SA;093262;EMEF - ISABEL VIEIRA FERREIRA, PROFA.
SA;093271;EMEF - TIRADENTES, ALF.
SA;093289;EMEF - PEREIRA CARNEIRO, CDE.
SA;095206;EMEF - CALOGERAS, MIN.
SA;095214;EMEF - BERNARDO O HIGGINS
SA;095222;EMEF - ARY PARREIRAS, ALM.
SA;095231;EMEF - MARINA VIEIRA DE CARVALHO MESQUITA
SA;095249;EMEF - HABIB CARLOS KYRILLOS, DR.
SA;095257;EMEF - ANTONIO DE SAMPAIO DORIA, PROF.
SA;095265;EMEF - ARMANDO ARRUDA PEREIRA
SA;095273;EMEF - CACILDA BECKER
SA;095281;EMEF - NELSON PIMENTEL QUEIROZ, PROF.
SA;099180;EMEBS - ANNE SULLIVAN
SA;200115;CIEJA - FRANCISCO HERNANI ALVERNE FACUNDO LEITE, PROF
SM;000892;EMEF - HENRIQUE SOUZA FILHO - HENFIL
SM;012874;EMEF - BENEDITO DE JESUS BATISTA LAURINDO - PE BATISTA
SM;013803;EMEF - JULIO DE GRAMMONT
SM;016519;EMEFM - RUBENS PAIVA
SM;018511;EMEF - CARLOS CORREA MASCARO, PROF.
SM;019216;EMEF - THEREZA MACIEL DE PAULA PROFA.
SM;019221;EMEF - JARDIM DAS LARANJEIRAS
SM;019223;EMEF - MARIA APARECIDA VILASBOAS, PROFA.
SM;019232;EMEF - FAZENDA DA JUTA
SM;019244;EMEF - GIUSEPPE TAVOLARO, PROF
SM;019274;CEU EMEF - CANDIDA DORA PINO PRETINI, PROFA
SM;019366;CEU EMEF - TATIANA BELINKY
SM;019391;CEU EMEF - ALTO ALEGRE
SM;019407;EMEF - VIRGINIA LORISA ZEITOUNIAN CAMARGO, PROFA
SM;019408;EMEF - PARQUE BOA ESPERANCA II
SM;019425;EMEF - MARTIN LUTHER KING JR
SM;019454;EMEF - BARTOLOMEU CAMPOS DE QUEIROS
SM;019460;EMEF - JOSE CARLOS NICOLETO - ZITO, PROFESSOR
SM;019509;EMEF - ACLAMADO
SM;019585;EMEF - WLADIMIR DE TOLEDO PIZA,PREF.
SM;019615;EMEF - DIRCE GENESIO DOS SANTOS, PROFA
SM;019640;CEU EMEF - MARIA LISBOA DA SILVA, PROFA
SM;092622;EMEF - ARLINDO CAETANO FILHO, PROF.
SM;093556;EMEF - FELICIO PAGLIUSO, PROF.
SM;093564;EMEF - JOAQUIM OSORIO DUQUE ESTRADA
SM;093572;EMEF - COELHO NETO
SM;093581;EMEF - PLINIO DE QUEIROZ
SM;093599;EMEF - JOSE MARIA WHITAKER
SM;093602;EMEF - RODRIGO MELLO FRANCO DE ANDRADE
SM;093611;EMEF - RIVADAVIA MARQUES JUNIOR, PROF.
SM;095168;EMEF - ACHILLES DE OLIVEIRA RIBEIRO, DES.
SM;095176;EMEF - JOSE LINS DO REGO
SM;095443;EMEF - HENRIQUE MELEGA, PROF.
SM;095451;EMEF - TAUNAY, VISC. DE
SM;095460;EMEF - EMILIO RIBAS
SM;095478;EMEF - FLORES DA CUNHA, DEP.
SM;095494;EMEF - ARMANDO DE SALLES OLIVEIRA
SM;095508;EMEF - BRASILIO MACHADO NETO
SM;095516;EMEF - HERALDO BARBUY
SM;095524;EMEF - VINICIUS DE MORAES
SM;095532;EMEF - RODRIGUES DE CARVALHO
SM;095541;EMEF - OLIVAL COSTA
SM;095559;EMEF - CLAUDIO MANOEL DA COSTA
SM;095567;EMEF - ALCEU AMOROSO LIMA
SM;095575;EMEF - CIDADE DE OSAKA
SM;095583;EMEF - GREGORIO WESTRUPP, PE.
SM;095591;EMEF - IVETE VARGAS, DEP.
SM;095605;EMEF - VILANOVA ARTIGAS, ARQ.
SM;095613;EMEF - PAULO DUARTE
SM;099121;CEU EMEF - DOMINGOS RUBINO, PROF.
SM;099325;EMEF - BENEDITO MONTENEGRO, PROF.
SM;099660;EMEF - AMELIA, IMP. DA.
SM;099792;EMEF - FORTE DOS REIS MAGOS
SM;200043;CIEJA - CENTRO INT ED JOVENS E ADULTOS - IGUATEMI I
SM;200050;CIEJA - CENTRO INT ED JOVENS E ADULTOS - VILA PRUDENTE/SAPOPEMBA
SM;200140;CIEJA - MARLUCIA GONCALVES DE ABREU, PROFESSORA